{
  "lang":"en",
  "name":"pipeline",
  "version":"0.0.0",
  "spacy_version":">=3.7.5,<3.8.0",
  "description":"",
  "author":"",
  "email":"",
  "url":"",
  "license":"",
  "spacy_git_version":"a6d0fc360",
  "vectors":{
    "width":0,
    "vectors":0,
    "keys":0,
    "name":null,
    "mode":"default"
  },
  "labels":{
    "tok2vec":[

    ],
    "ner":[
      "ADVICE",
      "DIAGNOSIS",
      "FOLLOW-UP DATE",
      "MEDICINES",
      "SYMPTOMS",
      "TESTS"
    ]
  },
  "pipeline":[
    "tok2vec",
    "ner"
  ],
  "components":[
    "tok2vec",
    "ner"
  ],
  "disabled":[

  ],
  "performance":{
    "ents_f":1.0,
    "ents_p":1.0,
    "ents_r":1.0,
    "ents_per_type":{
      "SYMPTOMS":{
        "p":1.0,
        "r":1.0,
        "f":1.0
      },
      "DIAGNOSIS":{
        "p":1.0,
        "r":1.0,
        "f":1.0
      },
      "TESTS":{
        "p":1.0,
        "r":1.0,
        "f":1.0
      },
      "MEDICINES":{
        "p":1.0,
        "r":1.0,
        "f":1.0
      },
      "ADVICE":{
        "p":1.0,
        "r":1.0,
        "f":1.0
      },
      "FOLLOW-UP DATE":{
        "p":1.0,
        "r":1.0,
        "f":1.0
      }
    },
    "tok2vec_loss":77.3642950766,
    "ner_loss":13.4357208825
  }
}